CAE5D2-REG,exception any without price hilight
SODSCHX20VB-REG,exception any without price hilight
GIIY442-REG,exception Rebate without value red
ZYMT-REG,exception Rebate without value red
GIIY442-REG,exception Rebate without value red
ZYMT-REG,exception Rebate without value red
DITB-REG,exception Rebate without value red
SACACE-REG,exception Rebate without value red
CAB419-REG,exception Rebate without value red
VI35353-REG,exception Rebate without value red
VIU005190-REG,exception Rebate without value red
DITB-REG,exception Rebate without value red
SACACE-REG,exception Rebate without value red
VI35353-REG,exception Rebate without value red
VIU005190-REG,exception Rebate without value red
CAB419-REG,exception Rebate without value red
CISDSR-REG,exception Rebate without value red
CISRSD-REG,exception Rebate without value red
CIPDSR-REG,exception Rebate without value red
CICMK-REG,exception Rebate without value red
CARSA1580SSP-REG,exception Rebate without value red
CH3025-REG,exception Rebate without value red
CIPCAOK-REG,exception Rebate without value red
CIUDSK-REG,exception Rebate without value red
MOHDSLRK1-REG,exception Rebate without value red
STHPQ-REG,exception Rebate without value red
CIMC-REG,exception Rebate without value red
