NICPP7700B-REG,exception any without price hilight
CAPSE110B-REG,exception any without price hilight
NICPAW110O-REG,exception any without price hilight
NICPAW110B-REG,exception any without price hilight
NICPS6500B-REG,exception any without price hilight
NICPAW110BL-REG,exception any without price hilight
CAEM1855-REG,exception any without price hilight
NICPAW110C-REG,exception any without price hilight
NICPL610S-REG,exception any without price hilight
NID800EQ-REG,exception Rebate without value red
NICPL610B-REG,exception any without price hilight
NICPS6500R-REG,exception any without price hilight
NICPL820R-REG,exception any without price hilight
NICPS6500S-REG,exception any without price hilight
NICPL610R-REG,exception any without price hilight
NICPS6500O-REG,exception any without price hilight
CA1855M-REG,exception any without price hilight
CA22F2M-REG,exception any without price hilight
PA145038-REG,exception Rebate without value red
COR73037-REG,exception Rebate without value red
DI2146W-REG,exception Rebate without value red
HOFLP-REG,exception any without price hilight
SI183518DCC-REG,exception any without price hilight
SI183518DCN-REG,exception any without price hilight
SI183518DCS-REG,exception any without price hilight
TA141503M43B-REG,exception any without price hilight
TA141503M43S-REG,exception any without price hilight
TO12284DXC-REG,exception any without price hilight
TO12284DXN-REG,exception any without price hilight
ZET2850MX-REG,exception any without price hilight
ZET2850ME-REG,exception any without price hilight
DI1437T-REG,exception Rebate without value red
NICPP7700B-REG,exception any without price hilight
CAPSE110B-REG,exception any without price hilight
NICPAW110O-REG,exception any without price hilight
NICPAW110B-REG,exception any without price hilight
NICPS6500B-REG,exception any without price hilight
NICPAW110BL-REG,exception any without price hilight
CAEM1855-REG,exception any without price hilight
NICPAW110C-REG,exception any without price hilight
NICPL610S-REG,exception any without price hilight
NICPL610B-REG,exception any without price hilight
NICPS6500R-REG,exception any without price hilight
NICPL820R-REG,exception any without price hilight
NICPS6500S-REG,exception any without price hilight
NICPL610R-REG,exception any without price hilight
NICPS6500O-REG,exception any without price hilight
CA1855M-REG,exception any without price hilight
CA22F2M-REG,exception any without price hilight
PA145038-REG,exception Rebate without value red
COR73037-REG,exception Rebate without value red
DI2146W-REG,exception Rebate without value red
HOFLP-REG,exception any without price hilight
SI183518DCC-REG,exception any without price hilight
SI183518DCN-REG,exception any without price hilight
SI183518DCS-REG,exception any without price hilight
TA141503M43B-REG,exception any without price hilight
TA141503M43S-REG,exception any without price hilight
TO12284DXC-REG,exception any without price hilight
TO12284DXN-REG,exception any without price hilight
DI1437T-REG,exception Rebate without value red
ZET2850MX-REG,exception any without price hilight
ZET2850ME-REG,exception any without price hilight
NICPP7700B-REG,exception any without price hilight
CAPSE110B-REG,exception any without price hilight
NICPAW110O-REG,exception any without price hilight
NICPAW110B-REG,exception any without price hilight
NICPS6500B-REG,exception any without price hilight
NICPAW110BL-REG,exception any without price hilight
CAEM1855-REG,exception any without price hilight
NICPL610S-REG,exception any without price hilight
NICPAW110C-REG,exception any without price hilight
NICPL820B-REG,exception any without price hilight
NICPP330B-REG,exception any without price hilight
NICPL820R-REG,exception any without price hilight
NICPS6500R-REG,exception any without price hilight
NICPL610B-REG,exception any without price hilight
NICPL610R-REG,exception any without price hilight
NICPS6500S-REG,exception any without price hilight
NICPS6500O-REG,exception any without price hilight
NICPS5200B-REG,exception any without price hilight
NICPS5200BL-REG,exception any without price hilight
NICPS5200P-REG,exception any without price hilight
NICPS5200R-REG,exception any without price hilight
